,paper_id,pred_score,pred_decision,gt_avg_score,gt_decision,gt_binary,match,cost,sdk_savings,gt_score_0,gt_score_1,gt_score_2,gt_score_3,gt_score_4,gt_score_5,gt_score_6
0,4VW9HVCRw0,6.0,Accept,7.0,Accept (Poster),Accept,YES,0.0,0.0,8.0,8.0,6.0,6.0,,,
1,41JeFWdVFa,6.0,Reject,4.67,Reject,Reject,YES,0.0,0.0,6.0,6.0,2.0,,,,
2,MwuSvrthXq,5.75,Accept,4.0,Reject,Reject,NO,0.0,0.0,6.0,4.0,2.0,4.0,,,
3,ppXAVexrAM,5.75,Reject,4.0,Reject,Reject,YES,0.0,0.0,4.0,4.0,6.0,2.0,,,
4,40sQXprYlm,6.25,Reject,5.0,Reject,Reject,YES,0.0,0.0,4.0,4.0,8.0,4.0,,,
5,KAZpuq2W4Y,4.75,Accept,2.67,Reject,Reject,NO,0.0,0.0,2.0,4.0,2.0,,,,
6,OPFE1zPYbU,5.25,Reject,1.0,Reject,Reject,YES,0.0,0.0,0.0,2.0,0.0,2.0,,,
7,m7gNW26Zih,3.0,Reject,0.0,Withdrawn (treated as Reject),Reject,YES,0.0,0.0,0.0,0.0,0.0,0.0,,,
8,zwfpyw345l,4.75,Reject,0.5,Reject,Reject,YES,0.0,0.0,0.0,0.0,2.0,0.0,,,
9,aiM6bRd6bG,6.5,Reject,4.0,Reject,Reject,YES,0.0,0.0,4.0,2.0,6.0,4.0,,,
10,t5Nd4HiI3E,6.0,Reject,4.0,Reject,Reject,YES,0.0,0.0,4.0,2.0,4.0,6.0,,,
11,WhO6Km5Rku,5.75,Reject,4.0,Withdrawn (treated as Reject),Reject,YES,0.0,0.0,4.0,4.0,2.0,6.0,,,
12,0K4jNe8ik9,3.0,Reject,1.0,Withdrawn (treated as Reject),Reject,YES,0.0,0.0,0.0,0.0,2.0,2.0,,,
13,9wIVIjWn0F,-100.0,Accept,5.5,Reject,Reject,NO,0.0,0.0,8.0,2.0,6.0,6.0,,,
14,MQmrcX5jnk,7.0,Accept,6.0,Accept (Poster),Accept,YES,0.0,0.0,6.0,8.0,8.0,6.0,2.0,,
15,6Y9NP1qhoM,5.75,Reject,5.0,Accept (Poster),Accept,NO,0.0,0.0,4.0,6.0,8.0,2.0,,,
16,GFWfR4G5fm,6.5,Reject,4.5,Reject,Reject,YES,0.0,0.0,4.0,4.0,2.0,8.0,,,
17,omg9K6lI93,5.75,Reject,1.0,Reject,Reject,YES,0.0,0.0,2.0,0.0,2.0,0.0,,,
18,LD6B7AvkZq,5.75,Reject,3.0,Reject,Reject,YES,0.0,0.0,4.0,4.0,2.0,2.0,,,
19,cu6xWUNOzQ,7.5,Reject,6.67,Reject,Reject,YES,0.0,0.0,10.0,4.0,6.0,,,,
20,nHrYBGujps,6.0,Accept,7.5,Accept (Oral),Accept,YES,0.0,0.0,6.0,8.0,8.0,8.0,,,
21,Rd0yhdfueL,4.25,Reject,1.0,Reject,Reject,YES,0.0,0.0,2.0,0.0,0.0,2.0,,,
22,RNsydf7HB4,6.0,Reject,2.5,Reject,Reject,YES,0.0,0.0,2.0,2.0,2.0,4.0,,,
23,IU4rqTlpRb,6.0,Accept,5.33,Accept (Poster),Accept,YES,0.0,0.0,6.0,6.0,4.0,,,,
24,IdJakw2jta,-100.0,Accept,4.5,Withdrawn (treated as Reject),Reject,NO,0.0,0.0,4.0,6.0,4.0,4.0,,,
25,NfO2Lt2WY7,5.75,Reject,2.0,Reject,Reject,YES,0.0,0.0,6.0,0.0,0.0,2.0,,,
26,4hkMvkzai5,6.0,Reject,2.8,Reject,Reject,YES,0.0,0.0,4.0,2.0,2.0,4.0,2.0,,
27,W42oLSwI9p,-100.0,Reject,5.0,Reject,Reject,YES,0.0,0.0,4.0,4.0,6.0,6.0,,,
28,0cbUKCyBsH,6.25,Reject,3.5,Reject,Reject,YES,0.0,0.0,4.0,2.0,4.0,4.0,,,
29,khBHJz2wcV,6.0,Accept,3.0,Accept (Poster),Accept,YES,0.0,0.0,0.0,2.0,6.0,4.0,,,
30,gTMzRm8fb0,6.0,Accept,5.0,Accept (Poster),Accept,YES,0.0,0.0,4.0,8.0,4.0,4.0,,,
31,rajioNWfRs,6.0,Accept,6.67,Accept (Poster),Accept,YES,0.0,0.0,6.0,8.0,6.0,,,,
32,DZUehXNiBn,4.75,Accept,4.0,Withdrawn (treated as Reject),Reject,NO,0.0,0.0,4.0,2.0,4.0,6.0,,,
33,BDNctVKwuD,5.25,Accept,1.33,Reject,Reject,NO,0.0,0.0,2.0,2.0,0.0,,,,
34,d2pUyiXwcm,6.0,Accept,4.5,Accept (Poster),Accept,YES,0.0,0.0,4.0,2.0,8.0,4.0,,,
35,A4Us8jxVGq,6.0,Accept,7.2,Accept (Oral),Accept,YES,0.0,0.0,8.0,6.0,6.0,8.0,8.0,,
36,GE0b5aQAvm,4.75,Reject,2.67,Reject,Reject,YES,0.0,0.0,2.0,4.0,2.0,,,,
37,TADsPhlp32,5.75,Reject,2.5,Withdrawn (treated as Reject),Reject,YES,0.0,0.0,2.0,2.0,2.0,4.0,,,
38,gubSyVxWdG,6.0,Reject,6.0,Accept (Poster),Accept,NO,0.0,0.0,8.0,2.0,8.0,6.0,,,
39,s7oURFZTQD,4.5,Reject,3.0,Reject,Reject,YES,0.0,0.0,2.0,2.0,4.0,4.0,,,
40,fD9YRHazW3,4.75,Reject,5.5,Accept (Poster),Accept,NO,0.0,0.0,2.0,8.0,6.0,6.0,,,
41,Yo7eG3lC3y,6.0,Accept,4.5,Reject,Reject,NO,0.0,0.0,6.0,6.0,4.0,2.0,,,
42,pn2H6YeOv2,5.25,Accept,5.5,Accept (Poster),Accept,YES,0.0,0.0,6.0,4.0,6.0,6.0,,,
43,f4B4ohWO53,5.0,Reject,3.33,Reject,Reject,YES,0.0,0.0,2.0,4.0,4.0,,,,
44,c2ozZYoZFd,7.5,Accept,2.67,Reject,Reject,NO,0.0,0.0,2.0,4.0,2.0,,,,
45,SsUjdSVdUl,6.0,Accept,5.0,Accept (Poster),Accept,YES,0.0,0.0,6.0,4.0,4.0,6.0,,,
46,lWdxX5s9T1,6.0,Accept,4.5,Accept (Poster),Accept,YES,0.0,0.0,4.0,6.0,4.0,4.0,,,
47,JhziZbaefH,5.0,Reject,2.5,Withdrawn (treated as Reject),Reject,YES,0.0,0.0,2.0,2.0,4.0,2.0,,,
48,RpDJz00zNh,6.0,Accept,4.5,Reject,Reject,NO,0.0,0.0,4.0,6.0,4.0,4.0,,,
49,NcvmuiLuZn,5.0,Reject,2.5,Reject,Reject,YES,0.0,0.0,4.0,2.0,2.0,2.0,,,
50,Hf7jMztvve,1.0,Reject,4.67,Reject,Reject,YES,0.0,0.0,2.0,6.0,6.0,,,,
51,RlMCc0JTu4,3.0,Reject,0.0,Reject,Reject,YES,0.0,0.0,0.0,0.0,0.0,0.0,,,
52,WxTlAbRUE6,5.75,Reject,2.5,Reject,Reject,YES,0.0,0.0,2.0,4.0,2.0,2.0,,,
53,7L7kmHHfgf,5.75,Accept,5.5,Accept (Poster),Accept,YES,0.0,0.0,4.0,6.0,6.0,6.0,,,
54,5asbtzIVpS,5.25,Accept,5.5,Accept (Poster),Accept,YES,0.0,0.0,4.0,6.0,4.0,8.0,,,
55,kpLRYtPGt3,6.5,Accept,7.0,Accept (Oral),Accept,YES,0.0,0.0,6.0,8.0,6.0,8.0,,,
56,oiz0QHejVj,5.0,Accept,4.5,Reject,Reject,NO,0.0,0.0,4.0,6.0,4.0,4.0,,,
57,VjGU55hEwV,6.0,Accept,2.5,Reject,Reject,NO,0.0,0.0,2.0,2.0,2.0,4.0,,,
58,6P5sAycAQr,5.75,Reject,3.0,Reject,Reject,YES,0.0,0.0,6.0,2.0,2.0,2.0,,,
59,zqA7Q9Q21L,6.0,Reject,5.6,Accept (Poster),Accept,NO,0.0,0.0,8.0,4.0,4.0,8.0,4.0,,
60,2cq8FyBfDk,6.0,Accept,3.2,Reject,Reject,NO,0.0,0.0,2.0,0.0,4.0,4.0,6.0,,
61,55GsILa8c9,6.25,Accept,6.0,Reject,Reject,NO,0.0,0.0,6.0,4.0,6.0,8.0,,,
62,X2yzXtH4wp,6.0,Accept,5.33,Accept (Poster),Accept,YES,0.0,0.0,6.0,6.0,4.0,,,,
63,i9q9xDMjG7,5.0,Accept,6.5,Accept (Poster),Accept,YES,0.0,0.0,8.0,6.0,6.0,6.0,,,
64,2PJkG6aV4A,6.0,Accept,6.0,Reject,Reject,NO,0.0,0.0,4.0,8.0,8.0,4.0,,,
65,ocmGsqQWG2,6.0,Reject,2.0,Withdrawn (treated as Reject),Reject,YES,0.0,0.0,2.0,2.0,2.0,2.0,,,
66,xVB9AivJa5,4.25,Reject,1.33,Reject,Reject,YES,0.0,0.0,0.0,2.0,2.0,,,,
67,JjJzbMDGsx,6.0,Accept,7.0,Accept (Poster),Accept,YES,0.0,0.0,8.0,6.0,6.0,8.0,,,
68,eETr3lrOQB,6.0,Reject,4.5,Accept (Poster),Accept,NO,0.0,0.0,4.0,8.0,2.0,4.0,,,
69,lJqssVKeR7,6.0,Accept,5.6,Accept (Poster),Accept,YES,0.0,0.0,8.0,4.0,6.0,4.0,6.0,,
70,wVGfJxM2Nz,5.0,Reject,2.0,Reject,Reject,YES,0.0,0.0,2.0,2.0,2.0,2.0,,,
71,b8TlYh6PN6,6.0,Accept,8.0,Accept (Oral),Accept,YES,0.0,0.0,8.0,8.0,8.0,8.0,,,
72,20DsUSauCj,8.0,Accept,3.33,Reject,Reject,NO,0.0,0.0,2.0,4.0,4.0,,,,
73,ulXBsAYSwU,4.5,Reject,1.33,Withdrawn (treated as Reject),Reject,YES,0.0,0.0,2.0,2.0,0.0,,,,
74,8J3GTeQmwl,6.0,Accept,5.5,Accept (Poster),Accept,YES,0.0,0.0,4.0,8.0,4.0,6.0,,,
75,qPbDM5L8tE,6.0,Reject,2.5,Reject,Reject,YES,0.0,0.0,2.0,2.0,2.0,4.0,,,
76,nxmBUymHIQ,4.5,Reject,4.5,Reject,Reject,YES,0.0,0.0,4.0,2.0,4.0,8.0,,,
77,uP6RDWHcs7,-100.0,Accept,1.33,Withdrawn (treated as Reject),Reject,NO,0.0,0.0,2.0,0.0,2.0,,,,
78,m18MXVdrV9,6.0,Accept,5.5,Accept (Poster),Accept,YES,0.0,0.0,4.0,6.0,6.0,6.0,,,
79,U6ROetm5nW,6.0,Accept,4.5,Withdrawn (treated as Reject),Reject,NO,0.0,0.0,8.0,6.0,2.0,2.0,,,
80,QSPKIO3XV8,5.25,Reject,3.0,Reject,Reject,YES,0.0,0.0,0.0,4.0,4.0,4.0,,,
81,OUQ8kLRK3m,4.5,Reject,4.0,Reject,Reject,YES,0.0,0.0,6.0,2.0,2.0,6.0,,,
82,WwDNiisZQm,6.5,Accept,4.0,Accept (Poster),Accept,YES,0.0,0.0,6.0,2.0,4.0,4.0,,,
83,6vX0LH9Yt7,5.75,Reject,3.0,Reject,Reject,YES,0.0,0.0,4.0,4.0,2.0,2.0,,,
84,XIAta0WOJ6,6.0,Accept,6.0,Accept (Poster),Accept,YES,0.0,0.0,8.0,6.0,6.0,4.0,,,
85,mHRuCmc9lo,6.0,Accept,7.33,Accept (Poster),Accept,YES,0.0,0.0,6.0,8.0,8.0,,,,
86,kMfVTka2WB,3.5,Reject,2.0,Reject,Reject,YES,0.0,0.0,2.0,2.0,2.0,2.0,,,
87,SkmkGKEZ1U,4.25,Reject,0.5,Reject,Reject,YES,0.0,0.0,0.0,0.0,2.0,0.0,,,
88,yPfBP3EFGG,6.0,Reject,3.5,Reject,Reject,YES,0.0,0.0,4.0,4.0,2.0,4.0,,,
89,TjAhTNzRub,6.0,Accept,4.5,Reject,Reject,NO,0.0,0.0,4.0,6.0,4.0,4.0,,,
90,s7gSTR2AqA,6.0,Accept,6.0,Accept (Poster),Accept,YES,0.0,0.0,4.0,8.0,6.0,,,,
91,PFhrOUJZ5o,6.0,Accept,5.0,Reject,Reject,NO,0.0,0.0,4.0,4.0,6.0,6.0,,,
92,Iq1fNZus2W,6.0,Accept,3.0,Withdrawn (treated as Reject),Reject,NO,0.0,0.0,2.0,2.0,4.0,4.0,,,
93,yBpzF8hp3J,4.5,Accept,6.5,Accept (Oral),Accept,YES,0.0,0.0,6.0,6.0,6.0,8.0,,,
94,mkl9iIXIr2,6.5,Accept,5.33,Accept (Poster),Accept,YES,0.0,0.0,4.0,6.0,6.0,,,,
95,a4S1nQay3b,5.0,Accept,7.0,Accept (Oral),Accept,YES,0.0,0.0,8.0,6.0,6.0,8.0,,,
96,xFo13SaHQm,6.0,Accept,6.5,Accept (Poster),Accept,YES,0.0,0.0,6.0,6.0,6.0,8.0,,,
97,P1qlqfRtgo,4.0,Reject,2.0,Withdrawn (treated as Reject),Reject,YES,0.0,0.0,2.0,2.0,2.0,2.0,,,
98,6i1jVAYbHs,6.0,Reject,6.0,Accept (Poster),Accept,NO,0.0,0.0,4.0,4.0,8.0,8.0,,,
99,D5PJX02Jki,6.0,Accept,6.0,Accept (Poster),Accept,YES,0.0,0.0,8.0,6.0,4.0,6.0,,,
100,173Pq3F31r,6.0,Accept,5.5,Accept (Poster),Accept,YES,0.0,0.0,8.0,8.0,4.0,2.0,,,
101,lbLAgGF8OO,6.0,Accept,7.5,Accept (Poster),Accept,YES,0.0,0.0,8.0,6.0,8.0,8.0,,,
102,3YKeB9R1g9,6.0,Accept,8.0,Accept (Poster),Accept,YES,0.0,0.0,8.0,8.0,8.0,,,,
103,dIOYpj9K8P,6.0,Accept,6.67,Accept (Poster),Accept,YES,0.0,0.0,6.0,8.0,6.0,,,,
104,Pa6ak2B9jJ,6.0,Accept,5.33,Accept (Poster),Accept,YES,0.0,0.0,6.0,6.0,4.0,,,,
105,FlcMckO6x5,6.0,Accept,6.0,Accept (Poster),Accept,YES,0.0,0.0,6.0,8.0,4.0,6.0,,,
106,qSak1Hjfdq,6.0,Reject,5.0,Accept (Poster),Accept,NO,0.0,0.0,4.0,6.0,4.0,6.0,,,
107,khHNHzRjMy,4.25,Reject,3.0,Reject,Reject,YES,0.0,0.0,6.0,2.0,2.0,2.0,,,
108,r5Ii1GTEWj,4.25,Reject,2.0,Reject,Reject,YES,0.0,0.0,2.0,2.0,2.0,2.0,,,
109,VK5G3Ff4Ty,5.0,Reject,2.5,Reject,Reject,YES,0.0,0.0,2.0,6.0,0.0,2.0,,,
110,9h2c2rMSY1,6.0,Accept,3.33,Reject,Reject,NO,0.0,0.0,2.0,2.0,6.0,,,,
111,uXecy0nKiJ,6.0,Accept,4.5,Reject,Reject,NO,0.0,0.0,4.0,2.0,6.0,6.0,,,
112,zHdKaF3ZM7,6.0,Reject,7.2,Accept (Poster),Accept,NO,0.0,0.0,8.0,8.0,6.0,6.0,8.0,,
113,ZZFNyU3ZSo,5.5,Reject,4.67,Reject,Reject,YES,0.0,0.0,4.0,4.0,6.0,,,,
114,BGEdvJ35PV,6.0,Accept,3.33,Reject,Reject,NO,0.0,0.0,4.0,2.0,4.0,,,,
115,lSM6MtjQcM,6.0,Reject,5.5,Accept (Poster),Accept,NO,0.0,0.0,2.0,6.0,10.0,4.0,,,
116,USyGD0eUod,6.5,Reject,6.0,Accept (Poster),Accept,NO,0.0,0.0,6.0,8.0,4.0,,,,
117,ao7VBbvWIK,4.25,Reject,1.0,Withdrawn (treated as Reject),Reject,YES,0.0,0.0,2.0,0.0,,,,,
118,e26MPyczN9,6.0,Accept,4.0,Reject,Reject,NO,0.0,0.0,4.0,4.0,4.0,6.0,2.0,,
119,XHzrBDzKaX,6.0,Accept,5.0,Reject,Reject,NO,0.0,0.0,4.0,8.0,4.0,4.0,,,
120,4fm4Rc5fUK,6.0,Accept,4.67,Reject,Reject,NO,0.0,0.0,2.0,6.0,6.0,,,,
121,2za3iNkwXn,5.75,Reject,4.4,Accept (Poster),Accept,NO,0.0,0.0,4.0,4.0,4.0,4.0,6.0,,
122,3V559xWIWc,6.0,Accept,4.5,Reject,Reject,NO,0.0,0.0,4.0,6.0,6.0,2.0,,,
123,HA8vzzT6Ax,6.0,Accept,6.67,Accept (Poster),Accept,YES,0.0,0.0,6.0,6.0,8.0,6.0,8.0,6.0,
124,1EdAn5gMVv,5.75,Accept,5.0,Reject,Reject,NO,0.0,0.0,6.0,8.0,2.0,4.0,,,
125,36CzrZYEch,6.0,Accept,4.0,Reject,Reject,NO,0.0,0.0,2.0,2.0,6.0,6.0,,,
126,TX4k7BF6aO,6.0,Accept,5.33,Accept (Poster),Accept,YES,0.0,0.0,4.0,4.0,8.0,,,,
127,wkVsKDnl4s,6.0,Reject,1.0,Reject,Reject,YES,0.0,0.0,2.0,0.0,2.0,0.0,,,
128,WgMZPsdJmC,3.0,Reject,0.5,Reject,Reject,YES,0.0,0.0,0.0,0.0,2.0,0.0,,,
129,c7OsKOOZo8,6.0,Accept,4.5,Withdrawn (treated as Reject),Reject,NO,0.0,0.0,6.0,4.0,4.0,4.0,,,
130,ZBhZT307xx,5.75,Reject,3.0,Withdrawn (treated as Reject),Reject,YES,0.0,0.0,4.0,2.0,4.0,2.0,,,
131,4S5x8yhJ5H,4.0,Reject,0.0,Withdrawn (treated as Reject),Reject,YES,0.0,0.0,0.0,0.0,0.0,,,,
132,zftquoHTgS,6.0,Accept,4.0,Reject,Reject,NO,0.0,0.0,8.0,2.0,4.0,2.0,,,
133,rzGEfYr2ZC,6.0,Reject,0.0,Reject,Reject,YES,0.0,0.0,0.0,0.0,0.0,,,,
134,DB2KJKFX0d,5.25,Accept,3.5,Reject,Reject,NO,0.0,0.0,6.0,4.0,2.0,2.0,,,
135,5qd7V5TNGV,6.0,Reject,5.0,Reject,Reject,YES,0.0,0.0,4.0,6.0,2.0,8.0,,,
136,HHYd4Pz5Lp,6.0,Accept,1.33,Withdrawn (treated as Reject),Reject,NO,0.0,0.0,0.0,2.0,2.0,,,,
137,ZF0xRAdsuY,6.0,Accept,7.5,Accept (Poster),Accept,YES,0.0,0.0,10.0,8.0,6.0,6.0,,,
138,y7VeiCT7HG,4.5,Reject,3.0,Reject,Reject,YES,0.0,0.0,4.0,2.0,2.0,4.0,,,
139,ey7CXUBn1g,5.75,Reject,3.0,Withdrawn (treated as Reject),Reject,YES,0.0,0.0,2.0,2.0,4.0,4.0,,,
140,4Nsx2kZkex,6.0,Reject,1.0,Reject,Reject,YES,0.0,0.0,0.0,2.0,0.0,2.0,,,
141,mGeeRFToaW,6.0,Reject,5.2,Accept (Poster),Accept,NO,0.0,0.0,6.0,2.0,4.0,8.0,6.0,,
142,v05SW2X3IC,5.75,Accept,5.33,Accept (Poster),Accept,YES,0.0,0.0,6.0,6.0,4.0,,,,
143,4nOZBufbLC,6.0,Accept,5.6,Accept (Poster),Accept,YES,0.0,0.0,4.0,6.0,6.0,4.0,8.0,,
144,jZcWBV3Pis,6.0,Reject,3.0,Reject,Reject,YES,0.0,0.0,2.0,2.0,2.0,6.0,,,
145,GiItKTlJIB,5.75,Reject,3.0,Withdrawn (treated as Reject),Reject,YES,0.0,0.0,2.0,4.0,2.0,4.0,,,
146,Xn33bU71m4,5.0,Reject,1.33,Withdrawn (treated as Reject),Reject,YES,0.0,0.0,2.0,2.0,0.0,,,,
147,0TmVqOpBbK,6.0,Accept,6.5,Accept (Poster),Accept,YES,0.0,0.0,6.0,8.0,4.0,8.0,,,
148,VbTLgEUocp,5.75,Reject,7.0,Accept (Poster),Accept,NO,0.0,0.0,6.0,8.0,8.0,6.0,,,
149,NIvqiJ8R4J,5.75,Reject,5.0,Reject,Reject,YES,0.0,0.0,4.0,6.0,2.0,8.0,,,
150,FF9QVQduAu,6.5,Accept,5.0,Accept (Poster),Accept,YES,0.0,0.0,2.0,6.0,4.0,8.0,,,
151,cVX3VqO8BO,6.0,Accept,5.5,Accept (Poster),Accept,YES,0.0,0.0,6.0,2.0,8.0,6.0,,,
152,nzkObUsajY,6.0,Accept,4.0,Reject,Reject,NO,0.0,0.0,2.0,4.0,6.0,4.0,,,
153,YADyx3ieUX,-100.0,Reject,1.0,Withdrawn (treated as Reject),Reject,YES,0.0,0.0,0.0,2.0,0.0,2.0,,,
154,zNH3Sf404X,4.25,Reject,1.33,Reject,Reject,YES,0.0,0.0,2.0,0.0,2.0,,,,
155,cSpjHOf04S,6.0,Accept,5.0,Accept (Poster),Accept,YES,0.0,0.0,2.0,4.0,8.0,6.0,,,
156,XKLPlnfZzM,6.0,Reject,3.5,Reject,Reject,YES,0.0,0.0,6.0,4.0,2.0,2.0,,,
157,3icvqeC1sA,6.0,Accept,4.5,Reject,Reject,NO,0.0,0.0,6.0,2.0,4.0,6.0,,,
158,23Ea4fVGiI,4.5,Reject,0.67,Reject,Reject,YES,0.0,0.0,2.0,0.0,0.0,,,,
159,jJedqisfOt,6.0,Reject,5.0,Accept (Poster),Accept,NO,0.0,0.0,6.0,2.0,6.0,6.0,,,
160,vGkXf8nvt9,6.5,Reject,4.67,Reject,Reject,YES,0.0,0.0,4.0,6.0,4.0,,,,
161,v4bQPw4aTW,5.75,Reject,4.5,Reject,Reject,YES,0.0,0.0,6.0,4.0,4.0,4.0,,,
162,liDUSnwUVP,5.25,Reject,0.0,Reject,Reject,YES,0.0,0.0,0.0,0.0,0.0,,,,
163,txiGUfI4yF,6.0,Reject,7.33,Accept (Poster),Accept,NO,0.0,0.0,6.0,10.0,6.0,,,,
164,wSbVv6xaRr,6.0,Reject,4.0,Withdrawn (treated as Reject),Reject,YES,0.0,0.0,4.0,4.0,4.0,,,,
165,GiaF5cFIpI,6.5,Reject,3.5,Reject,Reject,YES,0.0,0.0,6.0,2.0,4.0,2.0,,,
166,IFCUMN8Fp1,5.5,Accept,4.5,Reject,Reject,NO,0.0,0.0,4.0,6.0,2.0,6.0,,,
167,IvG90aRAL0,6.0,Reject,4.0,Reject,Reject,YES,0.0,0.0,6.0,4.0,4.0,4.0,2.0,,
168,opU91paIvZ,5.75,Reject,3.33,Withdrawn (treated as Reject),Reject,YES,0.0,0.0,6.0,2.0,2.0,,,,
169,N8ntZEb4Ap,4.25,Reject,2.33,Withdrawn (treated as Reject),Reject,YES,0.0,0.0,2.0,0.0,2.0,2.0,4.0,4.0,
170,r5jxDjYeO4,6.0,Accept,4.5,Reject,Reject,NO,0.0,0.0,4.0,4.0,4.0,6.0,,,
171,OJupg4mDjS,7.0,Reject,7.0,Accept (Oral),Accept,NO,0.0,0.0,4.0,8.0,6.0,10.0,,,
172,dwgtYTuSaS,6.0,Reject,3.0,Withdrawn (treated as Reject),Reject,YES,0.0,0.0,4.0,2.0,2.0,4.0,,,
173,5SQo2E9Ujj,3.5,Reject,0.0,Withdrawn (treated as Reject),Reject,YES,0.0,0.0,0.0,0.0,0.0,0.0,0.0,,
174,c339hUw3cy,5.75,Reject,4.0,Reject,Reject,YES,0.0,0.0,6.0,2.0,6.0,2.0,,,
175,5H8kxW0Efk,5.25,Accept,4.0,Reject,Reject,NO,0.0,0.0,6.0,4.0,2.0,,,,
176,SzXDuBN8M1,6.0,Accept,7.5,Accept (Oral),Accept,YES,0.0,0.0,8.0,8.0,6.0,8.0,,,
177,b6miYNcjag,6.0,Reject,4.67,Reject,Reject,YES,0.0,0.0,6.0,2.0,6.0,,,,
178,bhPaXhWVKG,6.0,Accept,5.33,Reject,Reject,NO,0.0,0.0,6.0,6.0,4.0,,,,
179,OuMNJoKJBQ,5.75,Accept,4.5,Accept (Poster),Accept,YES,0.0,0.0,4.0,4.0,6.0,4.0,,,
180,TBsTStMK41,5.25,Reject,4.0,Reject,Reject,YES,0.0,0.0,4.0,4.0,2.0,4.0,6.0,,
181,iaoAKDRAJQ,6.0,Accept,6.0,Accept (Poster),Accept,YES,0.0,0.0,8.0,4.0,6.0,6.0,,,
182,UESTP6dR1K,5.75,Reject,6.5,Accept (Poster),Accept,NO,0.0,0.0,6.0,6.0,6.0,8.0,,,
183,BzqkbJTsbq,5.5,Accept,3.5,Reject,Reject,NO,0.0,0.0,4.0,2.0,4.0,4.0,,,
184,j3htU5i01r,6.0,Accept,4.0,Reject,Reject,NO,0.0,0.0,2.0,2.0,8.0,4.0,,,
185,R8y089OGoo,6.0,Accept,5.0,Accept (Poster),Accept,YES,0.0,0.0,4.0,4.0,6.0,6.0,,,
186,heVn5cNfje,5.75,Accept,3.5,Reject,Reject,NO,0.0,0.0,4.0,2.0,4.0,4.0,,,
187,Q5SSA6IonA,5.5,Accept,5.0,Reject,Reject,NO,0.0,0.0,6.0,4.0,4.0,6.0,,,
188,05hNleYOcG,6.0,Reject,2.5,Accept (Poster),Accept,NO,0.0,0.0,2.0,4.0,2.0,2.0,,,
189,yBFXOZPESZ,6.5,Accept,4.0,Reject,Reject,NO,0.0,0.0,4.0,6.0,4.0,2.0,4.0,,
190,1FCZ4f8dAY,6.0,Accept,7.0,Accept (Poster),Accept,YES,0.0,0.0,10.0,4.0,8.0,6.0,,,
191,QnuJR7qA3z,5.75,Reject,4.5,Reject,Reject,YES,0.0,0.0,6.0,6.0,2.0,4.0,,,
193,70n4clRSTj,5.0,Reject,3.5,Withdrawn (treated as Reject),Reject,YES,0.0,0.0,2.0,2.0,8.0,2.0,,,
194,6RQsAQEUib,5.0,Reject,4.0,Withdrawn (treated as Reject),Reject,YES,0.0,0.0,6.0,2.0,2.0,6.0,,,
195,blFpxJ3A08,5.25,Reject,1.0,Withdrawn (treated as Reject),Reject,YES,0.0,0.0,2.0,2.0,0.0,0.0,,,
196,CQ0U1wZYoy,6.0,Accept,4.0,Accept (Poster),Accept,YES,0.0,0.0,2.0,4.0,4.0,4.0,6.0,,
197,9X2NfyZpR2,5.0,Accept,3.0,Reject,Reject,NO,0.0,0.0,2.0,4.0,2.0,4.0,,,
198,jLO4pSi5Pt,6.0,Accept,5.0,Accept (Poster),Accept,YES,0.0,0.0,4.0,6.0,4.0,6.0,,,
199,4Mvdn1m861,5.0,Reject,3.5,Reject,Reject,YES,0.0,0.0,2.0,4.0,4.0,4.0,,,
200,iDki7djO2K,5.0,Accept,4.0,Reject,Reject,NO,0.0,0.0,4.0,4.0,4.0,4.0,,,
201,ngfIm9aPsH,6.5,Accept,5.5,Accept (Poster),Accept,YES,0.0,0.0,4.0,6.0,6.0,6.0,,,
202,5DpzzTPnJZ,5.0,Accept,5.0,Accept (Poster),Accept,YES,0.0,0.0,6.0,4.0,4.0,6.0,,,
203,RDAhLHEHDm,6.0,Reject,6.5,Accept (Poster),Accept,NO,0.0,0.0,8.0,6.0,6.0,6.0,,,
204,Y9TgNFsNyP,5.75,Reject,5.5,Reject,Reject,YES,0.0,0.0,6.0,4.0,4.0,8.0,,,
205,FMjeC9Msws,8.0,Accept,7.5,Accept (Oral),Accept,YES,0.0,0.0,8.0,6.0,8.0,8.0,,,
206,Q6TymStAvS,6.0,Accept,3.5,Reject,Reject,NO,0.0,0.0,2.0,2.0,6.0,4.0,,,
207,Xpj0yeMhpz,5.75,Accept,7.0,Accept (Poster),Accept,YES,0.0,0.0,4.0,6.0,8.0,10.0,,,
208,VmEkhV2yCX,5.75,Accept,5.0,Accept (Poster),Accept,YES,0.0,0.0,4.0,4.0,6.0,6.0,,,
209,bwtiK0yjuK,5.75,Accept,5.33,Accept (Poster),Accept,YES,0.0,0.0,4.0,6.0,6.0,,,,
210,mDuTDAK6KU,4.5,Reject,4.0,Withdrawn (treated as Reject),Reject,YES,0.0,0.0,2.0,8.0,2.0,4.0,,,
211,bm3rbtEMFj,6.0,Accept,5.0,Accept (Poster),Accept,YES,0.0,0.0,6.0,6.0,4.0,4.0,,,
212,7gLNA6nT5d,4.75,Reject,3.2,Reject,Reject,YES,0.0,0.0,2.0,4.0,6.0,2.0,2.0,,
213,KsmTaPygR9,6.0,Accept,5.5,Accept (Poster),Accept,YES,0.0,0.0,4.0,8.0,6.0,4.0,,,
214,RtS4UqSmNt,6.0,Accept,6.5,Accept (Oral),Accept,YES,0.0,0.0,8.0,2.0,8.0,8.0,,,
215,ZKkeA1G935,6.0,Reject,4.0,Reject,Reject,YES,0.0,0.0,4.0,4.0,4.0,2.0,6.0,,
216,FEqZmGl36g,5.75,Accept,4.8,Reject,Reject,NO,0.0,0.0,6.0,4.0,2.0,6.0,6.0,,
217,O75R5yyw4R,6.5,Accept,4.67,Reject,Reject,NO,0.0,0.0,4.0,4.0,6.0,,,,
218,pbbRmnFkjG,6.0,Accept,6.5,Accept (Poster),Accept,YES,0.0,0.0,8.0,4.0,8.0,6.0,,,
219,Rt9SeEAMWv,5.25,Reject,4.8,Reject,Reject,YES,0.0,0.0,6.0,4.0,2.0,6.0,6.0,,
220,7yvz93kBw9,6.0,Accept,6.0,Accept (Poster),Accept,YES,0.0,0.0,6.0,6.0,6.0,,,,
221,0zKfU1rsXd,6.0,Accept,5.0,Accept (Poster),Accept,YES,0.0,0.0,4.0,4.0,6.0,6.0,,,
222,Bf4FeuW0Mr,7.0,Accept,7.0,Accept (Poster),Accept,YES,0.0,0.0,6.0,6.0,8.0,8.0,,,
223,ck0aZTAnwK,6.0,Accept,7.5,Accept (Oral),Accept,YES,0.0,0.0,6.0,8.0,8.0,8.0,,,
224,mytIKuRsSE,6.0,Accept,7.5,Accept (Oral),Accept,YES,0.0,0.0,8.0,8.0,6.0,8.0,,,
225,ikthqd3qF4,5.75,Reject,2.5,Reject,Reject,YES,0.0,0.0,2.0,4.0,4.0,0.0,,,
226,b6qQmQ2F13,6.0,Accept,5.0,Accept (Poster),Accept,YES,0.0,0.0,2.0,6.0,6.0,6.0,,,
228,HwyYpLxY0G,6.0,Accept,0.5,Reject,Reject,NO,0.0,0.0,2.0,0.0,0.0,0.0,,,
229,VSDV0SWwOC,6.0,Reject,6.67,Accept (Poster),Accept,NO,0.0,0.0,8.0,4.0,8.0,,,,
230,W4FAenIrQ2,6.0,Accept,6.67,Accept (Poster),Accept,YES,0.0,0.0,6.0,8.0,6.0,,,,
231,dbYvP2BKCM,5.0,Reject,3.5,Reject,Reject,YES,0.0,0.0,4.0,2.0,6.0,2.0,,,
232,lZrZgZ9wIu,5.25,Reject,2.0,Reject,Reject,YES,0.0,0.0,2.0,2.0,2.0,2.0,,,
233,GMlZt4fZSY,6.0,Accept,7.0,Accept (Poster),Accept,YES,0.0,0.0,6.0,8.0,8.0,6.0,,,
234,TgLW2DiRDG,5.5,Accept,7.5,Accept (Oral),Accept,YES,0.0,0.0,8.0,6.0,8.0,8.0,,,
235,vPSiCA3CkD,6.0,Reject,7.5,Accept (Poster),Accept,NO,0.0,0.0,8.0,10.0,6.0,6.0,,,
236,a7Qa4CcHak,6.5,Accept,7.33,Accept (Poster),Accept,YES,0.0,0.0,8.0,6.0,8.0,,,,
237,FkTEc3XEL6,-100.0,Reject,0.5,Withdrawn (treated as Reject),Reject,YES,0.0,0.0,0.0,0.0,2.0,0.0,,,
238,tswBfpkwHn,6.0,Accept,5.0,Reject,Reject,NO,0.0,0.0,6.0,4.0,6.0,4.0,,,
239,QIIrjgUnL1,6.0,Reject,3.0,Reject,Reject,YES,0.0,0.0,2.0,2.0,2.0,6.0,,,
240,tucuU4sQ3s,6.0,Accept,5.5,Accept (Poster),Accept,YES,0.0,0.0,4.0,6.0,6.0,6.0,,,
241,FDlvVdh1sB,-100.0,Accept,4.0,Reject,Reject,NO,0.0,0.0,2.0,4.0,6.0,4.0,,,
242,2uTxLC4LmC,6.0,Accept,5.0,Accept (Poster),Accept,YES,0.0,0.0,2.0,4.0,6.0,8.0,,,
243,M14YpuTejd,6.0,Accept,4.0,Withdrawn (treated as Reject),Reject,NO,0.0,0.0,6.0,2.0,4.0,,,,
244,eu3PwSle8J,6.0,Accept,4.67,Reject,Reject,NO,0.0,0.0,6.0,4.0,4.0,,,,
245,31CznLfRIS,5.75,Accept,4.5,Accept (Poster),Accept,YES,0.0,0.0,4.0,4.0,6.0,4.0,,,
246,1PIfB5w05x,5.75,Reject,7.5,Accept (Poster),Accept,NO,0.0,0.0,8.0,8.0,8.0,6.0,,,
247,O6n4dgTBBL,5.0,Reject,0.67,Withdrawn (treated as Reject),Reject,YES,0.0,0.0,0.0,0.0,2.0,,,,
248,Wes9HF3ppt,5.75,Accept,5.0,Reject,Reject,NO,0.0,0.0,4.0,6.0,6.0,4.0,,,
249,CNrU5kGJYG,5.75,Reject,5.5,Accept (Poster),Accept,NO,0.0,0.0,6.0,6.0,4.0,6.0,,,
250,fBc9v8CVvm,6.0,Accept,5.33,Accept (Poster),Accept,YES,0.0,0.0,6.0,6.0,4.0,,,,
251,MrJoBgN1VO,-100.0,Accept,5.5,Accept (Poster),Accept,YES,0.0,0.0,6.0,6.0,4.0,6.0,,,
252,sh1hWO9RHo,5.75,Reject,4.5,Reject,Reject,YES,0.0,0.0,4.0,4.0,6.0,4.0,,,
253,5Y4wvlp923,5.25,Reject,0.5,Reject,Reject,YES,0.0,0.0,0.0,2.0,0.0,0.0,,,
254,oGbzk8xuVT,5.75,Accept,4.0,Reject,Reject,NO,0.0,0.0,2.0,6.0,4.0,4.0,,,
255,CTEXdHB1BB,6.0,Accept,5.0,Accept (Poster),Accept,YES,0.0,0.0,6.0,4.0,2.0,8.0,,,
256,GODFBZhFcX,6.0,Accept,4.5,Accept (Poster),Accept,YES,0.0,0.0,6.0,2.0,6.0,4.0,,,
257,Vsgq2ldr4K,6.0,Accept,7.5,Accept (Oral),Accept,YES,0.0,0.0,8.0,8.0,6.0,8.0,,,
258,8ZQ0HjBOEc,-100.0,Reject,4.0,Reject,Reject,YES,0.0,0.0,2.0,4.0,4.0,6.0,,,
259,SpUXijnBEg,6.0,Reject,3.5,Reject,Reject,YES,0.0,0.0,4.0,2.0,6.0,2.0,,,
260,QryPmx2MNh,6.0,Reject,3.5,Withdrawn (treated as Reject),Reject,YES,0.0,0.0,4.0,4.0,2.0,4.0,,,
261,qCfYOLAzti,6.0,Accept,6.0,Accept (Poster),Accept,YES,0.0,0.0,6.0,6.0,4.0,8.0,,,
262,4Ha2srdhPN,6.0,Accept,4.5,Reject,Reject,NO,0.0,0.0,2.0,8.0,2.0,6.0,,,
263,2hTLJEgCbv,2.5,Reject,1.0,Reject,Reject,YES,0.0,0.0,0.0,0.0,2.0,2.0,,,
264,Kw2mvnzCoc,7.5,Accept,4.5,Accept (Poster),Accept,YES,0.0,0.0,6.0,6.0,4.0,2.0,,,
265,cP9ciYglnI,5.0,Accept,4.0,Reject,Reject,NO,0.0,0.0,6.0,4.0,2.0,,,,
266,pNpnqsn0Si,6.5,Accept,3.0,Reject,Reject,NO,0.0,0.0,4.0,2.0,4.0,2.0,,,
267,5o0zF03RP9,3.75,Reject,0.5,Withdrawn (treated as Reject),Reject,YES,0.0,0.0,2.0,0.0,0.0,0.0,,,
268,32mrjmaeMP,6.0,Accept,4.5,Accept (Poster),Accept,YES,0.0,0.0,6.0,6.0,4.0,2.0,,,
269,xDO0239YOm,3.25,Reject,1.33,Reject,Reject,YES,0.0,0.0,2.0,0.0,2.0,,,,
270,6rz7VyAatm,6.0,Accept,3.5,Reject,Reject,NO,0.0,0.0,0.0,6.0,2.0,6.0,,,
271,ZNAY3ivd62,6.0,Reject,4.0,Reject,Reject,YES,0.0,0.0,2.0,4.0,6.0,4.0,,,
272,sSbEEHNEsL,6.0,Accept,8.0,Accept (Poster),Accept,YES,0.0,0.0,8.0,8.0,8.0,8.0,,,
273,x6iodYWNty,5.25,Accept,5.33,Accept (Poster),Accept,YES,0.0,0.0,6.0,6.0,4.0,,,,
274,BiXwSIIMIq,5.75,Accept,4.5,Accept (Poster),Accept,YES,0.0,0.0,6.0,4.0,4.0,4.0,,,
275,Y6lVVJHiwN,6.0,Reject,4.4,Reject,Reject,YES,0.0,0.0,6.0,4.0,2.0,4.0,6.0,,
276,e9JphzQ5Gr,5.25,Accept,4.0,Reject,Reject,NO,0.0,0.0,6.0,2.0,6.0,4.0,2.0,,
278,Rip3EJc4nx,5.0,Reject,4.0,Reject,Reject,YES,0.0,0.0,4.0,4.0,4.0,4.0,,,
279,1AYy3T3Xjk,5.75,Reject,2.5,Reject,Reject,YES,0.0,0.0,2.0,4.0,2.0,2.0,,,
280,bhR00j6Mku,5.75,Accept,6.67,Accept (Poster),Accept,YES,0.0,0.0,8.0,6.0,6.0,,,,
281,lJ7zecny2e,6.0,Accept,5.0,Accept (Poster),Accept,YES,0.0,0.0,6.0,6.0,4.0,8.0,4.0,2.0,
282,1E4Bltg6Xb,5.75,Accept,4.67,Accept (Poster),Accept,YES,0.0,0.0,6.0,6.0,2.0,,,,
283,YETCQLcKtn,6.5,Reject,4.5,Accept (Poster),Accept,NO,0.0,0.0,4.0,4.0,2.0,8.0,,,
284,0aBAAS0rRT,5.5,Reject,5.33,Accept (Poster),Accept,NO,0.0,0.0,6.0,4.0,6.0,,,,
285,5T1vMQldr8,5.75,Reject,4.0,Reject,Reject,YES,0.0,0.0,4.0,4.0,4.0,,,,
286,0obDxMfeYu,5.25,Reject,3.2,Reject,Reject,YES,0.0,0.0,2.0,2.0,4.0,2.0,6.0,,
287,R0ZKcQlF2C,-100.0,Accept,4.0,Reject,Reject,NO,0.0,0.0,4.0,2.0,6.0,,,,
288,YvMkU4BYOA,5.0,Reject,2.0,Reject,Reject,YES,0.0,0.0,2.0,2.0,2.0,2.0,,,
289,N7ziRPTNdT,6.0,Accept,5.5,Reject,Reject,NO,0.0,0.0,6.0,6.0,6.0,4.0,,,
290,Ksvv8x00eo,5.75,Accept,3.5,Withdrawn (treated as Reject),Reject,NO,0.0,0.0,6.0,2.0,4.0,2.0,,,
291,beV5wMTRIq,5.75,Reject,2.0,Withdrawn (treated as Reject),Reject,YES,0.0,0.0,2.0,2.0,2.0,2.0,,,
292,C6WWMryELL,5.75,Reject,5.5,Reject,Reject,YES,0.0,0.0,6.0,4.0,6.0,6.0,,,
293,k6nTUFoqeT,6.0,Accept,6.5,Accept (Poster),Accept,YES,0.0,0.0,6.0,8.0,4.0,8.0,,,
294,Gk7gLAtVDO,-100.0,Accept,7.5,Accept (Oral),Accept,YES,0.0,0.0,8.0,8.0,8.0,6.0,,,
295,65Ai8mLfjI,5.75,Accept,5.5,Accept (Poster),Accept,YES,0.0,0.0,4.0,8.0,6.0,4.0,,,
296,DAPcmFcqgd,-100.0,Reject,1.0,Reject,Reject,YES,0.0,0.0,2.0,2.0,0.0,0.0,,,
297,Ry8jLSYIUG,6.0,Accept,5.33,Reject,Reject,NO,0.0,0.0,4.0,6.0,6.0,,,,
298,ei1bRG971A,6.0,Accept,4.67,Accept (Poster),Accept,YES,0.0,0.0,4.0,4.0,6.0,,,,
299,hQZQVLJrH9,6.5,Reject,4.5,Withdrawn (treated as Reject),Reject,YES,0.0,0.0,4.0,2.0,6.0,6.0,,,
300,1j0ormf8uI,6.0,Reject,5.2,Accept (Poster),Accept,NO,0.0,0.0,8.0,4.0,6.0,6.0,2.0,,
301,oh9ChF7Pv0,5.75,Reject,4.67,Accept (Poster),Accept,NO,0.0,0.0,6.0,6.0,2.0,,,,
302,SA8xDYrUYB,5.75,Reject,3.5,Accept (Poster),Accept,NO,0.0,0.0,4.0,4.0,2.0,4.0,,,
303,0JLUFJMo5p,4.25,Reject,1.0,Reject,Reject,YES,0.0,0.0,0.0,2.0,0.0,2.0,,,
304,YuxgSGFaqb,6.0,Reject,6.0,Accept (Oral),Accept,NO,0.0,0.0,6.0,8.0,4.0,6.0,,,
305,piylyBPSau,6.0,Reject,4.0,Reject,Reject,YES,0.0,0.0,2.0,4.0,4.0,6.0,,,
306,doxBjZ88H3,6.0,Reject,4.5,Accept (Poster),Accept,NO,0.0,0.0,6.0,6.0,2.0,4.0,,,
307,Pxd5mjwznl,3.0,Reject,0.0,Reject,Reject,YES,0.0,0.0,0.0,0.0,0.0,,,,
308,ZMzha5gbnF,5.25,Reject,7.0,Accept (Poster),Accept,NO,0.0,0.0,6.0,6.0,8.0,8.0,,,
309,bxZUPQbvp0,5.75,Reject,2.0,Reject,Reject,YES,0.0,0.0,2.0,2.0,2.0,2.0,,,
310,0nvQ5kHXf4,6.0,Reject,6.0,Accept (Oral),Accept,NO,0.0,0.0,6.0,6.0,6.0,,,,
311,a3sRspQ62b,6.0,Accept,2.5,Reject,Reject,NO,0.0,0.0,2.0,2.0,4.0,2.0,,,
312,FtL9eEmU6v,6.0,Accept,7.5,Accept (Oral),Accept,YES,0.0,0.0,6.0,10.0,8.0,6.0,,,
313,4iu9Lj0Ist,5.5,Reject,3.5,Reject,Reject,YES,0.0,0.0,6.0,4.0,2.0,2.0,,,
314,cZ74yWoKYr,-100.0,Accept,5.0,Reject,Reject,NO,0.0,0.0,2.0,8.0,6.0,4.0,,,
315,2EQPpEZtEK,6.0,Reject,3.33,Reject,Reject,YES,0.0,0.0,2.0,4.0,4.0,,,,
316,bH5M0ts8Y6,6.0,Reject,5.0,Accept (Poster),Accept,NO,0.0,0.0,4.0,8.0,4.0,4.0,,,
317,Ir0HMkRpYb,6.0,Accept,7.0,Accept (Poster),Accept,YES,0.0,0.0,8.0,6.0,8.0,6.0,,,
318,VgVeQpagf7,6.0,Accept,4.67,Reject,Reject,NO,0.0,0.0,4.0,4.0,6.0,,,,
319,NlHHlqP1zk,5.0,Accept,4.67,Reject,Reject,NO,0.0,0.0,2.0,6.0,6.0,,,,
320,0xHWd4CUaX,5.75,Reject,2.0,Reject,Reject,YES,0.0,0.0,0.0,2.0,4.0,2.0,,,
321,wUzBBsrdB1,6.0,Reject,5.0,Reject,Reject,YES,0.0,0.0,8.0,4.0,6.0,2.0,,,
322,TjF9WLcu8o,4.0,Reject,0.0,Reject,Reject,YES,0.0,0.0,0.0,0.0,0.0,0.0,,,
323,IeNXtofK6T,6.0,Accept,3.5,Reject,Reject,NO,0.0,0.0,2.0,6.0,2.0,4.0,,,
324,abgW71sKIt,6.0,Accept,2.5,Withdrawn (treated as Reject),Reject,NO,0.0,0.0,2.0,2.0,4.0,2.0,,,
325,zKQSyT7a7n,6.0,Accept,6.0,Reject,Reject,NO,0.0,0.0,6.0,8.0,4.0,6.0,,,
326,crKJJ4Ej60,6.5,Accept,5.33,Accept (Poster),Accept,YES,0.0,0.0,4.0,6.0,6.0,,,,
327,IHyY6vdYZw,8.0,Accept,5.0,Accept (Poster),Accept,YES,0.0,0.0,4.0,8.0,2.0,6.0,,,
328,rRB1bYErbL,6.0,Accept,6.0,Accept (Poster),Accept,YES,0.0,0.0,6.0,6.0,6.0,6.0,,,
329,OAXECnLxuk,6.0,Accept,5.5,Accept (Poster),Accept,YES,0.0,0.0,6.0,4.0,6.0,6.0,,,
330,JEYWpFGzvn,5.75,Accept,7.33,Accept (Oral),Accept,YES,0.0,0.0,8.0,6.0,8.0,,,,
331,dCtkwjkK0E,5.25,Reject,2.0,Reject,Reject,YES,0.0,0.0,2.0,2.0,2.0,2.0,,,
332,pI9n8wAR80,-100.0,Accept,5.0,Accept (Poster),Accept,YES,0.0,0.0,6.0,4.0,4.0,6.0,,,
333,8KcjEygedc,6.5,Accept,7.5,Accept (Poster),Accept,YES,0.0,0.0,8.0,8.0,6.0,8.0,,,
334,zS1bPtMlt9,5.0,Accept,6.0,Reject,Reject,NO,0.0,0.0,8.0,6.0,4.0,,,,
335,Me0n0iESJY,6.0,Accept,6.0,Accept (Poster),Accept,YES,0.0,0.0,4.0,8.0,8.0,4.0,,,
336,a2XmC7rHIU,6.0,Accept,6.8,Accept (Poster),Accept,YES,0.0,0.0,6.0,6.0,8.0,8.0,6.0,,
337,1CR1MTIgmq,3.25,Reject,0.0,Reject,Reject,YES,0.0,0.0,0.0,0.0,0.0,,,,
338,sJxBWDc8SM,6.0,Accept,3.5,Reject,Reject,NO,0.0,0.0,2.0,2.0,4.0,6.0,,,
339,CFuNu8dK4s,6.0,Accept,4.0,Reject,Reject,NO,0.0,0.0,6.0,4.0,2.0,4.0,,,
340,0kHbD6ad07,7.0,Accept,5.0,Accept (Poster),Accept,YES,0.0,0.0,4.0,4.0,6.0,6.0,,,
341,iIEEgI6WsF,6.0,Accept,5.5,Accept (Poster),Accept,YES,0.0,0.0,6.0,2.0,8.0,6.0,,,
342,qkKUG56s5r,4.5,Reject,1.33,Withdrawn (treated as Reject),Reject,YES,0.0,0.0,2.0,0.0,2.0,,,,
343,Mz98kwANpF,6.0,Accept,4.5,Reject,Reject,NO,0.0,0.0,4.0,4.0,4.0,6.0,,,
344,x6bG2Hoqdf,7.5,Accept,5.5,Accept (Poster),Accept,YES,0.0,0.0,8.0,2.0,8.0,4.0,,,
345,klB3AvQZqJ,5.25,Accept,3.5,Reject,Reject,NO,0.0,0.0,4.0,2.0,4.0,4.0,,,
346,0lW2UBiEWN,6.0,Accept,4.5,Reject,Reject,NO,0.0,0.0,4.0,6.0,4.0,4.0,,,
347,ecbEfXdqrV,6.0,Accept,3.0,Reject,Reject,NO,0.0,0.0,2.0,4.0,4.0,2.0,,,
348,Vit5M0G5Gb,7.5,Accept,6.0,Accept (Poster),Accept,YES,0.0,0.0,8.0,6.0,4.0,6.0,6.0,,
349,VFaYukYt6K,4.5,Accept,3.33,Reject,Reject,NO,0.0,0.0,2.0,4.0,4.0,,,,
350,Vgm77U4ojX,6.0,Accept,6.0,Accept (Poster),Accept,YES,0.0,0.0,6.0,8.0,6.0,4.0,6.0,,
351,NFB4QGGS65,5.75,Accept,6.5,Accept (Poster),Accept,YES,0.0,0.0,8.0,8.0,4.0,6.0,,,
352,rBj2iVyrhh,6.0,Reject,2.0,Reject,Reject,YES,0.0,0.0,2.0,2.0,2.0,2.0,,,
353,ahpO7S1Ppi,6.0,Accept,3.5,Reject,Reject,NO,0.0,0.0,2.0,4.0,4.0,4.0,,,
354,AB3jM3iMaW,6.0,Accept,5.0,Reject,Reject,NO,0.0,0.0,8.0,2.0,4.0,6.0,,,
355,RNe17WTR38,5.75,Reject,2.0,Reject,Reject,YES,0.0,0.0,2.0,2.0,2.0,2.0,,,
356,H1s6SBhzlg,5.75,Reject,4.0,Reject,Reject,YES,0.0,0.0,4.0,4.0,4.0,4.0,,,
357,yjrVOxjkDR,7.0,Accept,7.5,Accept (Poster),Accept,YES,0.0,0.0,8.0,8.0,6.0,8.0,,,
358,cZFgsLq8Gs,6.5,Reject,4.0,Accept (Poster),Accept,NO,0.0,0.0,4.0,6.0,4.0,2.0,,,
359,U2SJE6W3wT,6.0,Accept,5.5,Accept (Poster),Accept,YES,0.0,0.0,4.0,6.0,6.0,6.0,,,
360,pW6rFymZ8F,6.5,Accept,5.0,Reject,Reject,NO,0.0,0.0,6.0,6.0,4.0,4.0,,,
361,EbSkBZQF9g,3.0,Reject,0.5,Reject,Reject,YES,0.0,0.0,0.0,0.0,2.0,0.0,,,
362,IOKftyz5iP,6.0,Reject,3.0,Withdrawn (treated as Reject),Reject,YES,0.0,0.0,2.0,4.0,2.0,4.0,,,
363,JEN4nsDgh9,5.75,Accept,3.5,Reject,Reject,NO,0.0,0.0,4.0,4.0,2.0,4.0,,,
364,AdfEHMueyc,4.75,Reject,1.5,Reject,Reject,YES,0.0,0.0,0.0,2.0,4.0,0.0,,,
365,wA6dvVnKe8,6.0,Accept,3.0,Reject,Reject,NO,0.0,0.0,2.0,2.0,6.0,2.0,,,
366,3wMdHl7JQ6,4.25,Reject,1.0,Reject,Reject,YES,0.0,0.0,2.0,0.0,0.0,2.0,,,
367,t33kMzEAg8,6.5,Accept,4.4,Accept (Poster),Accept,YES,0.0,0.0,6.0,4.0,6.0,4.0,2.0,,
368,KDIgNmK8YT,5.0,Reject,2.5,Reject,Reject,YES,0.0,0.0,2.0,2.0,4.0,2.0,,,
369,Rj5ZJk956j,6.0,Accept,4.67,Reject,Reject,NO,0.0,0.0,4.0,2.0,8.0,,,,
370,yR5QX5cTEy,5.0,Accept,5.0,Reject,Reject,NO,0.0,0.0,4.0,6.0,8.0,2.0,,,
371,UDIYU1X3vC,6.5,Reject,4.8,Accept (Poster),Accept,NO,0.0,0.0,6.0,6.0,4.0,6.0,2.0,,
372,rI2Fa13fUL,-100.0,Accept,5.0,Reject,Reject,NO,0.0,0.0,6.0,6.0,4.0,4.0,,,
373,LHSea6DI8U,5.75,Accept,6.0,Accept (Poster),Accept,YES,0.0,0.0,6.0,8.0,4.0,,,,
374,UJ2UUjT2ko,7.0,Accept,8.0,Accept (Poster),Accept,YES,0.0,0.0,8.0,8.0,8.0,,,,
375,cEXEmyW77N,6.0,Accept,5.0,Accept (Poster),Accept,YES,0.0,0.0,4.0,6.0,6.0,4.0,,,
376,KsWRLyIAKP,6.0,Reject,3.2,Withdrawn (treated as Reject),Reject,YES,0.0,0.0,4.0,2.0,2.0,4.0,4.0,,
377,RT5SlprCmc,5.5,Accept,4.5,Reject,Reject,NO,0.0,0.0,6.0,6.0,2.0,4.0,,,
378,yEpE0QPpf8,6.0,Reject,5.5,Accept (Poster),Accept,NO,0.0,0.0,2.0,8.0,8.0,4.0,,,
379,GMP1S4R6Ke,6.0,Accept,5.33,Accept (Poster),Accept,YES,0.0,0.0,4.0,6.0,6.0,,,,
380,XX5EZoe4ec,5.25,Accept,2.0,Reject,Reject,NO,0.0,0.0,2.0,2.0,2.0,2.0,,,
381,GRufFX1gAy,6.0,Reject,4.5,Accept (Poster),Accept,NO,0.0,0.0,4.0,4.0,6.0,4.0,,,
382,cmzeMZNsmm,6.0,Reject,5.0,Reject,Reject,YES,0.0,0.0,2.0,4.0,6.0,8.0,,,
383,nnwvwge40d,-100.0,Accept,4.0,Accept (Poster),Accept,YES,0.0,0.0,4.0,2.0,4.0,6.0,,,
384,YS4N1YxXSM,6.0,Accept,6.0,Accept (Poster),Accept,YES,0.0,0.0,6.0,4.0,6.0,8.0,,,
385,q0UEl3xAIZ,6.0,Reject,1.33,Reject,Reject,YES,0.0,0.0,0.0,2.0,2.0,,,,
386,Olc7XhgstJ,6.0,Accept,4.0,Reject,Reject,NO,0.0,0.0,2.0,4.0,4.0,6.0,,,
387,ngOOlatCK6,6.0,Accept,5.33,Reject,Reject,NO,0.0,0.0,6.0,6.0,4.0,,,,
388,JdVTWjjnR6,6.0,Reject,5.0,Reject,Reject,YES,0.0,0.0,6.0,6.0,4.0,6.0,6.0,2.0,
389,MPhnlqdU9Z,6.5,Reject,4.0,Reject,Reject,YES,0.0,0.0,4.0,2.0,6.0,,,,
390,HvFpfea8XA,5.75,Reject,4.5,Reject,Reject,YES,0.0,0.0,4.0,2.0,6.0,6.0,,,
391,Dxb9zYD23D,5.0,Accept,3.5,Withdrawn (treated as Reject),Reject,NO,0.0,0.0,4.0,4.0,2.0,4.0,,,
392,CrCPeM5fRB,4.25,Reject,3.5,Reject,Reject,YES,0.0,0.0,4.0,2.0,4.0,4.0,,,
393,qclNnbjxNJ,6.0,Reject,7.5,Accept (Poster),Accept,NO,0.0,0.0,8.0,8.0,8.0,6.0,,,
394,2eAGrunxVz,5.75,Accept,7.5,Accept (Oral),Accept,YES,0.0,0.0,8.0,8.0,8.0,6.0,,,
395,zt7IPzsXrT,6.0,Reject,5.0,Accept (Poster),Accept,NO,0.0,0.0,6.0,6.0,4.0,4.0,,,
